Title,Source,Date,Summary
1. **Nearly 80% of U.S. Business Owners Anticipate Revenue Growth**,Bank of America,"October 9, 2024","Nearly four out of five small and mid-sized business owners in the U.S. expect revenue growth in the next 12 months, despite concerns about inflation."
2. **Current Price of Bitcoin**,Fortune,"October 9, 2024","As of 9 a.m. Eastern time, the price of Bitcoin is $61,766.31, showing a -1.06% change from yesterday."
3. **Current Price of Gold**,Fortune,"October 9, 2024","Gold is trading at $2,619.63 per ounce, a -0.74% change from yesterday, with long-term expectations of continued price rises due to inflation."
4. **Earnings Plays and Transport Sector**,CNBC,"October 9, 2024","Investors are anticipating the release of Federal Reserve meeting minutes and significant bank earnings reports, with a focus on the transport sector's potential for catch-up trade."
5. **Amazon Identified as Top Q4 Stock Choice**,CNBC,"October 9, 2024",Bill Baruch of Blue Line Futures recommends Amazon as a leading stock for the fourth quarter due to its decreased valuation and potential to exceed expectations.
6. **Dow Jones Transportation Average Analysis**,CNBC,"October 9, 2024","The Dow Jones Transportation Average remains nearly unchanged year-to-date, contrasting with the S&P 500's rise, prompting expectations of a gap closure."
"7. **Business Owners Optimistic About Local, National, and Global Economies**",Bank of America,"October 9, 2024","66% of business owners believe the local economy will improve, 60% believe the national economy will improve, and 57% believe the global economy will improve over the next 12 months."
8. **Consumer Strength and Manufacturing Revival**,CNBC,"October 9, 2024","Stephanie Link from Hightower is optimistic about third-quarter earnings due to a stronger economy, consumer strength, and a revival in certain segments of the manufacturing industry."
9. **Bitcoin Price Volatility Decreasing**,Fortune,"October 9, 2024","Bitcoin's price volatility is steadily decreasing over the years, making it a more liquid and less volatile asset compared to other cryptocurrencies."
10. **Gold as an Inflationary Hedge**,Fortune,"October 9, 2024","Investors are using gold as a hedge against inflation, with prices rising to an all-time high and expectations of continued increases."
11. **Amazon Faces Downgrades**,CNBC,"October 9, 2024",Amazon has faced downgrades from Wells Fargo and Wolfe Research due to increasing competition in its cloud and e-commerce sectors.
12. **Transportation and Logistics Stocks**,CNBC,"October 9, 2024",Analysts at Citi believe select Transportation and Logistics stocks are well-positioned for notable relative outperformance in the upcoming year.
13. **Federal Reserve Meeting Minutes**,CNBC,"October 9, 2024",Market participants are eagerly anticipating the release of the Federal Reserve meeting minutes scheduled for 2 p.m. ET.
14. **Impact of Economic Conditions on Bitcoin**,Fortune,"October 9, 2024","Bitcoin's price is influenced by economic conditions, performing well when the economy is in good shape and people feel financially stable."
15. **Investing in Cryptocurrency-Related Stocks**,Fortune,"October 9, 2024","Investors can indirectly benefit from Bitcoin's performance by investing in publicly traded cryptocurrency exchanges, technology firms, and payment processors."
16. **Diversification with Precious Metals**,Fortune,"October 9, 2024","Investors are diversifying their portfolios with gold, silver, platinum, and palladium to hedge against inflation and market volatility."
17. **Global Economic Optimism**,Bank of America,"October 9, 2024",57% of U.S. business owners believe the global economy will improve over the next 12 months.
18. **Transport Sector Disparity**,CNBC,"October 9, 2024","The Dow Jones Transportation Average has remained nearly unchanged year-to-date, contrasting sharply with the S&P 500's significant rise."
19. **Bank Earnings Reports**,CNBC,"October 9, 2024",Significant bank earnings reports are set to commence the third-quarter earnings season later this week.
"20. **Market Open October 9, 2024**",CNBC,"October 9, 2024","Real-time market data and analysis for the opening of the US markets on October 9, 2024."
21. **Inflation Impact on Gold Prices**,Fortune,"October 9, 2024","Gold prices have risen significantly due to inflation, with expectations of continued increases as an inflationary hedge."
22. **Interest Rate Changes and Bitcoin**,Fortune,"October 9, 2024",Bitcoin is less affected by interest rate changes compared to stocks but is influenced by overall economic conditions.
23. **Women and Minority Business Owners Expansion Plans**,Bank of America,"October 9, 2024",A majority of women and minority business owners plan to expand their businesses over the next 12 months.
24. **Investment in Employee Education**,Bank of America,"October 9, 2024","Many business owners plan to hire and invest in employee education, such as training and mentoring programs."
25. **Bitcoin Price Fluctuations**,Fortune,"October 9, 2024","Bitcoin's price is vulnerable to extreme volatility and sudden price fluctuations, though its volatility is decreasing over time."
26. **Gold and Silver Volatility**,Fortune,"October 9, 2024","Gold is less volatile than silver, which can have major price swings due to its industrial uses."
27. **Atlanta Fed's GDP Tracker**,CNBC,"October 9, 2024","The Atlanta Fed's tracker indicates a growth rate of 3.2%, which is positive for earnings expectations."
28. **Consumer Strength**,CNBC,"October 9, 2024",Consumer strength is a key factor in the optimistic outlook for third-quarter earnings.
29. **Relative Value Opportunity in Amazon**,CNBC,"October 9, 2024",Bill Baruch sees Amazon as a relative value opportunity due to its decreased valuation and potential to exceed expectations.
30. **Potential for Transport Sector Catch-Up**,CNBC,"October 9, 2024","Analysts believe the gap between the Dow Jones Transportation Average and the S&P 500 will close, making transport sector stocks attractive for investment."
